{
  "ents_f": 89.4648829431,
  "ents_p": 89.6440393968,
  "ents_r": 89.2864411609,
  "las": 87.267867039,
  "tags_acc": 96.9151031805,
  "token_acc": 100.0,
  "uas": 90.3886902757
}